--
-- PostgreSQL database dump
--

-- Dumped from database version 15.4 (Debian 15.4-2.pgdg120+1)
-- Dumped by pg_dump version 15.4 (Debian 15.4-2.pgdg120+1)

SET statement_timeout = 0;
SET lock_timeout = 0;
SET idle_in_transaction_session_timeout = 0;
SET client_encoding = 'UTF8';
SET standard_conforming_strings = on;
SELECT pg_catalog.set_config('search_path', '', false);
SET check_function_bodies = false;
SET xmloption = content;
SET client_min_messages = warning;
SET row_security = off;

SET default_tablespace = '';

SET default_table_access_method = heap;

--
-- Name: auth_group; Type: TABLE; Schema: public; Owner: postgres
--

CREATE TABLE public.auth_group (
    id integer NOT NULL,
    name character varying(150) NOT NULL
);


ALTER TABLE public.auth_group OWNER TO postgres;

--
-- Name: auth_group_id_seq; Type: SEQUENCE; Schema: public; Owner: postgres
--

ALTER TABLE public.auth_group ALTER COLUMN id ADD GENERATED BY DEFAULT AS IDENTITY (
    SEQUENCE NAME public.auth_group_id_seq
    START WITH 1
    INCREMENT BY 1
    NO MINVALUE
    NO MAXVALUE
    CACHE 1
);


--
-- Name: auth_group_permissions; Type: TABLE; Schema: public; Owner: postgres
--

CREATE TABLE public.auth_group_permissions (
    id bigint NOT NULL,
    group_id integer NOT NULL,
    permission_id integer NOT NULL
);


ALTER TABLE public.auth_group_permissions OWNER TO postgres;

--
-- Name: auth_group_permissions_id_seq; Type: SEQUENCE; Schema: public; Owner: postgres
--

ALTER TABLE public.auth_group_permissions ALTER COLUMN id ADD GENERATED BY DEFAULT AS IDENTITY (
    SEQUENCE NAME public.auth_group_permissions_id_seq
    START WITH 1
    INCREMENT BY 1
    NO MINVALUE
    NO MAXVALUE
    CACHE 1
);


--
-- Name: auth_permission; Type: TABLE; Schema: public; Owner: postgres
--

CREATE TABLE public.auth_permission (
    id integer NOT NULL,
    name character varying(255) NOT NULL,
    content_type_id integer NOT NULL,
    codename character varying(100) NOT NULL
);


ALTER TABLE public.auth_permission OWNER TO postgres;

--
-- Name: auth_permission_id_seq; Type: SEQUENCE; Schema: public; Owner: postgres
--

ALTER TABLE public.auth_permission ALTER COLUMN id ADD GENERATED BY DEFAULT AS IDENTITY (
    SEQUENCE NAME public.auth_permission_id_seq
    START WITH 1
    INCREMENT BY 1
    NO MINVALUE
    NO MAXVALUE
    CACHE 1
);


--
-- Name: auth_user; Type: TABLE; Schema: public; Owner: postgres
--

CREATE TABLE public.auth_user (
    id integer NOT NULL,
    password character varying(128) NOT NULL,
    last_login timestamp with time zone,
    is_superuser boolean NOT NULL,
    username character varying(150) NOT NULL,
    first_name character varying(150) NOT NULL,
    last_name character varying(150) NOT NULL,
    email character varying(254) NOT NULL,
    is_staff boolean NOT NULL,
    is_active boolean NOT NULL,
    date_joined timestamp with time zone NOT NULL
);


ALTER TABLE public.auth_user OWNER TO postgres;

--
-- Name: auth_user_groups; Type: TABLE; Schema: public; Owner: postgres
--

CREATE TABLE public.auth_user_groups (
    id bigint NOT NULL,
    user_id integer NOT NULL,
    group_id integer NOT NULL
);


ALTER TABLE public.auth_user_groups OWNER TO postgres;

--
-- Name: auth_user_groups_id_seq; Type: SEQUENCE; Schema: public; Owner: postgres
--

ALTER TABLE public.auth_user_groups ALTER COLUMN id ADD GENERATED BY DEFAULT AS IDENTITY (
    SEQUENCE NAME public.auth_user_groups_id_seq
    START WITH 1
    INCREMENT BY 1
    NO MINVALUE
    NO MAXVALUE
    CACHE 1
);


--
-- Name: auth_user_id_seq; Type: SEQUENCE; Schema: public; Owner: postgres
--

ALTER TABLE public.auth_user ALTER COLUMN id ADD GENERATED BY DEFAULT AS IDENTITY (
    SEQUENCE NAME public.auth_user_id_seq
    START WITH 1
    INCREMENT BY 1
    NO MINVALUE
    NO MAXVALUE
    CACHE 1
);


--
-- Name: auth_user_user_permissions; Type: TABLE; Schema: public; Owner: postgres
--

CREATE TABLE public.auth_user_user_permissions (
    id bigint NOT NULL,
    user_id integer NOT NULL,
    permission_id integer NOT NULL
);


ALTER TABLE public.auth_user_user_permissions OWNER TO postgres;

--
-- Name: auth_user_user_permissions_id_seq; Type: SEQUENCE; Schema: public; Owner: postgres
--

ALTER TABLE public.auth_user_user_permissions ALTER COLUMN id ADD GENERATED BY DEFAULT AS IDENTITY (
    SEQUENCE NAME public.auth_user_user_permissions_id_seq
    START WITH 1
    INCREMENT BY 1
    NO MINVALUE
    NO MAXVALUE
    CACHE 1
);


--
-- Name: bars_app_bar; Type: TABLE; Schema: public; Owner: postgres
--

CREATE TABLE public.bars_app_bar (
    id bigint NOT NULL,
    feature_type character varying(20) NOT NULL,
    longitude numeric(10,6) NOT NULL,
    latitude numeric(10,6) NOT NULL,
    title character varying(30) NOT NULL,
    description text NOT NULL,
    date_created timestamp with time zone NOT NULL,
    last_modified timestamp with time zone NOT NULL,
    tiny_thumbnail character varying(100),
    thumbnail character varying(100),
    image1 character varying(100),
    image2 character varying(100),
    image3 character varying(100),
    image4 character varying(100),
    image5 character varying(100)
);


ALTER TABLE public.bars_app_bar OWNER TO postgres;

--
-- Name: bars_app_bar_bar_type; Type: TABLE; Schema: public; Owner: postgres
--

CREATE TABLE public.bars_app_bar_bar_type (
    id bigint NOT NULL,
    bar_id bigint NOT NULL,
    bartype_id bigint NOT NULL
);


ALTER TABLE public.bars_app_bar_bar_type OWNER TO postgres;

--
-- Name: bars_app_bar_bar_type_id_seq; Type: SEQUENCE; Schema: public; Owner: postgres
--

ALTER TABLE public.bars_app_bar_bar_type ALTER COLUMN id ADD GENERATED BY DEFAULT AS IDENTITY (
    SEQUENCE NAME public.bars_app_bar_bar_type_id_seq
    START WITH 1
    INCREMENT BY 1
    NO MINVALUE
    NO MAXVALUE
    CACHE 1
);


--
-- Name: bars_app_bar_id_seq; Type: SEQUENCE; Schema: public; Owner: postgres
--

ALTER TABLE public.bars_app_bar ALTER COLUMN id ADD GENERATED BY DEFAULT AS IDENTITY (
    SEQUENCE NAME public.bars_app_bar_id_seq
    START WITH 1
    INCREMENT BY 1
    NO MINVALUE
    NO MAXVALUE
    CACHE 1
);


--
-- Name: bars_app_bartype; Type: TABLE; Schema: public; Owner: postgres
--

CREATE TABLE public.bars_app_bartype (
    id bigint NOT NULL,
    type character varying(20) NOT NULL
);


ALTER TABLE public.bars_app_bartype OWNER TO postgres;

--
-- Name: bars_app_bartype_id_seq; Type: SEQUENCE; Schema: public; Owner: postgres
--

ALTER TABLE public.bars_app_bartype ALTER COLUMN id ADD GENERATED BY DEFAULT AS IDENTITY (
    SEQUENCE NAME public.bars_app_bartype_id_seq
    START WITH 1
    INCREMENT BY 1
    NO MINVALUE
    NO MAXVALUE
    CACHE 1
);


--
-- Name: django_admin_log; Type: TABLE; Schema: public; Owner: postgres
--

CREATE TABLE public.django_admin_log (
    id integer NOT NULL,
    action_time timestamp with time zone NOT NULL,
    object_id text,
    object_repr character varying(200) NOT NULL,
    action_flag smallint NOT NULL,
    change_message text NOT NULL,
    content_type_id integer,
    user_id integer NOT NULL,
    CONSTRAINT django_admin_log_action_flag_check CHECK ((action_flag >= 0))
);


ALTER TABLE public.django_admin_log OWNER TO postgres;

--
-- Name: django_admin_log_id_seq; Type: SEQUENCE; Schema: public; Owner: postgres
--

ALTER TABLE public.django_admin_log ALTER COLUMN id ADD GENERATED BY DEFAULT AS IDENTITY (
    SEQUENCE NAME public.django_admin_log_id_seq
    START WITH 1
    INCREMENT BY 1
    NO MINVALUE
    NO MAXVALUE
    CACHE 1
);


--
-- Name: django_content_type; Type: TABLE; Schema: public; Owner: postgres
--

CREATE TABLE public.django_content_type (
    id integer NOT NULL,
    app_label character varying(100) NOT NULL,
    model character varying(100) NOT NULL
);


ALTER TABLE public.django_content_type OWNER TO postgres;

--
-- Name: django_content_type_id_seq; Type: SEQUENCE; Schema: public; Owner: postgres
--

ALTER TABLE public.django_content_type ALTER COLUMN id ADD GENERATED BY DEFAULT AS IDENTITY (
    SEQUENCE NAME public.django_content_type_id_seq
    START WITH 1
    INCREMENT BY 1
    NO MINVALUE
    NO MAXVALUE
    CACHE 1
);


--
-- Name: django_migrations; Type: TABLE; Schema: public; Owner: postgres
--

CREATE TABLE public.django_migrations (
    id bigint NOT NULL,
    app character varying(255) NOT NULL,
    name character varying(255) NOT NULL,
    applied timestamp with time zone NOT NULL
);


ALTER TABLE public.django_migrations OWNER TO postgres;

--
-- Name: django_migrations_id_seq; Type: SEQUENCE; Schema: public; Owner: postgres
--

ALTER TABLE public.django_migrations ALTER COLUMN id ADD GENERATED BY DEFAULT AS IDENTITY (
    SEQUENCE NAME public.django_migrations_id_seq
    START WITH 1
    INCREMENT BY 1
    NO MINVALUE
    NO MAXVALUE
    CACHE 1
);


--
-- Name: django_session; Type: TABLE; Schema: public; Owner: postgres
--

CREATE TABLE public.django_session (
    session_key character varying(40) NOT NULL,
    session_data text NOT NULL,
    expire_date timestamp with time zone NOT NULL
);


ALTER TABLE public.django_session OWNER TO postgres;

--
-- Data for Name: auth_group; Type: TABLE DATA; Schema: public; Owner: postgres
--

COPY public.auth_group (id, name) FROM stdin;
\.


--
-- Data for Name: auth_group_permissions; Type: TABLE DATA; Schema: public; Owner: postgres
--

COPY public.auth_group_permissions (id, group_id, permission_id) FROM stdin;
\.


--
-- Data for Name: auth_permission; Type: TABLE DATA; Schema: public; Owner: postgres
--

COPY public.auth_permission (id, name, content_type_id, codename) FROM stdin;
1	Can add log entry	1	add_logentry
2	Can change log entry	1	change_logentry
3	Can delete log entry	1	delete_logentry
4	Can view log entry	1	view_logentry
5	Can add permission	2	add_permission
6	Can change permission	2	change_permission
7	Can delete permission	2	delete_permission
8	Can view permission	2	view_permission
9	Can add group	3	add_group
10	Can change group	3	change_group
11	Can delete group	3	delete_group
12	Can view group	3	view_group
13	Can add user	4	add_user
14	Can change user	4	change_user
15	Can delete user	4	delete_user
16	Can view user	4	view_user
17	Can add content type	5	add_contenttype
18	Can change content type	5	change_contenttype
19	Can delete content type	5	delete_contenttype
20	Can view content type	5	view_contenttype
21	Can add session	6	add_session
22	Can change session	6	change_session
23	Can delete session	6	delete_session
24	Can view session	6	view_session
25	Can add bar type	7	add_bartype
26	Can change bar type	7	change_bartype
27	Can delete bar type	7	delete_bartype
28	Can view bar type	7	view_bartype
29	Can add bar	8	add_bar
30	Can change bar	8	change_bar
31	Can delete bar	8	delete_bar
32	Can view bar	8	view_bar
\.


--
-- Data for Name: auth_user; Type: TABLE DATA; Schema: public; Owner: postgres
--

COPY public.auth_user (id, password, last_login, is_superuser, username, first_name, last_name, email, is_staff, is_active, date_joined) FROM stdin;
1	pbkdf2_sha256$600000$aAe5lwU32sX0DU0abluKdN$VQaN6Zn89MHjG5TofUwwIzBm7E55KyXWiHvBUcVZB+8=	2023-11-13 10:20:48.678941+00	t	michatzis				t	t	2023-09-28 12:59:38.841392+00
\.


--
-- Data for Name: auth_user_groups; Type: TABLE DATA; Schema: public; Owner: postgres
--

COPY public.auth_user_groups (id, user_id, group_id) FROM stdin;
\.


--
-- Data for Name: auth_user_user_permissions; Type: TABLE DATA; Schema: public; Owner: postgres
--

COPY public.auth_user_user_permissions (id, user_id, permission_id) FROM stdin;
\.


--
-- Data for Name: bars_app_bar; Type: TABLE DATA; Schema: public; Owner: postgres
--

COPY public.bars_app_bar (id, feature_type, longitude, latitude, title, description, date_created, last_modified, tiny_thumbnail, thumbnail, image1, image2, image3, image4, image5) FROM stdin;
4	Point	22.948787	40.631896	Mira Lounge Bar	Hookah bar. Modern design. Chilled vibes.	2023-10-08 15:22:59.806764+00	2023-10-09 14:51:14.185827+00	bar_images/Mira Lounge Bar/tiny_thumbnail.jpg	bar_images/Mira Lounge Bar/thumbnail.jpg	bar_images/Mira Lounge Bar/image1.jpg	bar_images/Mira Lounge Bar/image2.jpg			
7	Point	22.944175	40.629708	Saxofono	A beautiful bar next to the sea, with great view. Somedays in the week with live music.	2023-10-09 15:00:19.636118+00	2023-10-09 15:00:43.315555+00	bar_images/Saxofono/tiny_thumbnail.jpg	bar_images/Saxofono/thumbnail.jpg	bar_images/Saxofono/image1.jpg	bar_images/Saxofono/image2.jpg			
47	Point	22.951743	40.634359	Mikrou Mikous	Cozy corner bar with warm atmosphere and decoration Great for hanging out on a casual night with your friends.	2023-11-13 10:59:47.300565+00	2023-11-13 10:59:47.300586+00	bar_images/Mikrou Mikous/tiny_thumbnail.jpg	bar_images/Mikrou Mikous/thumbnail.jpg	bar_images/Mikrou Mikous/image1.jpg	bar_images/Mikrou Mikous/image2.jpg			
8	Point	22.948344	40.635140	Shed	Cute hidden cafe-bar situated on a very quaint and fairly picturesque street. Serves delicious cocktails.	2023-10-09 15:08:23.622713+00	2023-10-09 15:09:48.512404+00	bar_images/Shed/tiny_thumbnail.jpg	bar_images/Shed/thumbnail.jpg	bar_images/Shed/image1.jpg	bar_images/Shed/image2.jpg	bar_images/Shed/image3.jpg		
9	Point	22.940690	40.636110	Gatsby	Luxury shisha bar. Party nights occasionally.	2023-10-10 13:45:43.717943+00	2023-10-10 13:54:13.92379+00	bar_images/Gatsby/tiny_thumbnail.jpg	bar_images/Gatsby/thumbnail.jpg	bar_images/Gatsby/image1.jpg	bar_images/Gatsby/image2.jpg			
1	Point	22.937591	40.637141	Gorilas	Famous with the youth. Dancy on the inside during winter.  Chatty on the outside during summer. Music: Global (RnB, hip-hop, pop, rock)	2023-09-28 13:05:16.263433+00	2023-10-10 13:55:32.411725+00	bar_images/Gorilas/tiny_thumbnail.jpg	bar_images/Gorilas/thumbnail.jpg	bar_images/Gorilas/image1.jpg	bar_images/Gorilas/image2.jpg			
2	Point	22.938864	40.637382	La Doze	Famous with the youth. All time classic. Underground vibes.	2023-09-30 17:57:12.700293+00	2023-10-10 13:55:42.545631+00	bar_images/La Doze/tiny_thumbnail.jpg	bar_images/La Doze/thumbnail.jpg	bar_images/La Doze/image1.jpg	bar_images/La Doze/image2.png	bar_images/La Doze/image3.png		
42	Point	22.935967	40.635662	Rover	Live stage hosting plentyful bands. Busy dancefloor and mix of music including swing, rock and more.	2023-10-10 14:07:12.944775+00	2023-10-10 14:07:12.944802+00	bar_images/Rover/tiny_thumbnail.png	bar_images/Rover/thumbnail.jpg	bar_images/Rover/image1.jpg	bar_images/Rover/image2.jpg			
44	Point	22.946001	40.638453	Rahati	Shisha bar with modern-eastern atmosphere. Many shisha flavors and plenty of cocktails to accompany with.	2023-11-13 10:34:20.497468+00	2023-11-13 10:34:20.49749+00	bar_images/Rahati/tiny_thumbnail.jpeg	bar_images/Rahati/thumbnail.jpg	bar_images/Rahati/image1.jpg	bar_images/Rahati/image2.jpg			
45	Point	22.941889	40.631801	Malt N' Jazz	Malt n' jazz whiskey n' live bar has been around for more than 2 decades, hosting regularly live music shows with a focus on jazz, soul, funk and the like.	2023-11-13 10:43:06.350434+00	2023-11-13 10:43:48.328121+00	bar_images/Malt N' Jazz/tiny_thumbnail.jpeg	bar_images/Malt N' Jazz/thumbnail.jpg	bar_images/Malt N' Jazz/image1.jpg	bar_images/Malt N' Jazz/image2.jpg			
46	Point	22.949489	40.627674	Efimerida	Hidden in a narrow street with view of the white tower, Efimerida is a chilled cafe-bar which also serves brunch. Very popular with the youth.	2023-11-13 10:50:34.72751+00	2023-11-13 10:50:34.727529+00	bar_images/Efimerida/tiny_thumbnail.jpg	bar_images/Efimerida/thumbnail.jpg	bar_images/Efimerida/image1.jpg	bar_images/Efimerida/image2.jpg			
6	Point	22.939616	40.637548	Shaka	Fanciful, old-timey hangout dishing up global provisions, plus coffee, cocktails & shisha.	2023-10-09 14:47:41.329951+00	2023-10-09 14:49:50.200474+00	bar_images/Shaka/tiny_thumbnail.jpg	bar_images/Shaka/thumbnail.jpg	bar_images/Shaka/image1.jpg	bar_images/Shaka/image2.jpg			
5	Point	22.939096	40.637490	Arcade	Modern bar. Attracts young people. Nice cocktails. Modern music.	2023-10-08 15:26:05.925614+00	2023-10-09 14:50:21.711276+00	bar_images/Arcade/tiny_thumbnail.jpg	bar_images/Arcade/thumbnail.jpg	bar_images/Arcade/image1.png	bar_images/Arcade/image2.png			
43	Point	22.947954	40.638389	Aigli Geni Hamam	Bar inside a preserved historic building which used to be a Hamam. Hosts events frequently, from latin nights to house DJ nights.	2023-11-13 10:25:22.050231+00	2023-11-13 10:52:42.034687+00	bar_images/Aigli Geni Hamam/tiny_thumbnail.jpeg	bar_images/Aigli Geni Hamam/thumbnail.jpg	bar_images/Aigli Geni Hamam/image1.jpg	bar_images/Aigli Geni Hamam/image2.jpg			
\.


--
-- Data for Name: bars_app_bar_bar_type; Type: TABLE DATA; Schema: public; Owner: postgres
--

COPY public.bars_app_bar_bar_type (id, bar_id, bartype_id) FROM stdin;
1	1	1
2	1	4
4	2	6
7	4	3
8	5	1
11	6	3
12	6	4
14	4	1
15	7	8
16	7	6
17	8	8
18	8	4
19	9	1
20	9	3
52	1	9
53	2	9
54	42	9
55	42	10
56	43	9
57	43	10
58	44	1
59	44	3
60	45	10
61	45	4
62	45	6
63	46	8
64	46	1
65	47	8
66	47	4
\.


--
-- Data for Name: bars_app_bartype; Type: TABLE DATA; Schema: public; Owner: postgres
--

COPY public.bars_app_bartype (id, type) FROM stdin;
3	sisha
1	modern
4	cocktail
6	all-time
8	cafe-bar
9	dance-full
10	live nights
\.


--
-- Data for Name: django_admin_log; Type: TABLE DATA; Schema: public; Owner: postgres
--

COPY public.django_admin_log (id, action_time, object_id, object_repr, action_flag, change_message, content_type_id, user_id) FROM stdin;
1	2023-09-28 12:59:58.842985+00	1	bars	1	[{"added": {}}]	7	1
2	2023-09-28 13:00:01.901777+00	2	cafes	1	[{"added": {}}]	7	1
3	2023-09-28 13:05:16.283005+00	1	Gorillas	1	[{"added": {}}]	8	1
4	2023-09-28 13:12:55.586425+00	1	Gorillas	2	[]	8	1
5	2023-09-28 13:23:23.830134+00	1	Gorillas	2	[{"changed": {"fields": ["Tiny thumbnail"]}}]	8	1
6	2023-09-28 13:24:24.236792+00	1	Gorillas	2	[{"changed": {"fields": ["Tiny thumbnail", "Thumbnail", "Image1", "Image2"]}}]	8	1
7	2023-09-30 16:31:19.813174+00	3	sisha	1	[{"added": {}}]	7	1
8	2023-09-30 16:31:33.025007+00	2	cafe-bar	2	[{"changed": {"fields": ["Type"]}}]	7	1
9	2023-09-30 16:39:41.35568+00	1	modern	2	[{"changed": {"fields": ["Type"]}}]	7	1
10	2023-09-30 16:40:20.510707+00	4	cocktail	1	[{"added": {}}]	7	1
11	2023-09-30 16:40:47.618922+00	5	modern greek	1	[{"added": {}}]	7	1
12	2023-09-30 16:41:41.84083+00	6	all-time classic	1	[{"added": {}}]	7	1
13	2023-09-30 16:58:54.432004+00	6	all-time classics	2	[{"changed": {"fields": ["Type"]}}]	7	1
14	2023-09-30 16:59:06.7596+00	6	all-time	2	[{"changed": {"fields": ["Type"]}}]	7	1
15	2023-09-30 17:03:06.455798+00	5	greek-modern	2	[{"changed": {"fields": ["Type"]}}]	7	1
16	2023-09-30 17:03:56.435559+00	1	Gorillas	2	[{"changed": {"fields": ["Tiny thumbnail", "Thumbnail", "Image1", "Image2"]}}]	8	1
17	2023-09-30 17:08:35.641636+00	1	Gorilas	2	[{"changed": {"fields": ["Title", "Description"]}}]	8	1
18	2023-09-30 17:18:51.72177+00	1	Gorilas	2	[{"changed": {"fields": ["Description", "Bar type", "Tiny thumbnail", "Thumbnail", "Image1", "Image2"]}}]	8	1
19	2023-09-30 17:20:17.505101+00	7	dancy	1	[{"added": {}}]	7	1
20	2023-09-30 17:22:09.070124+00	1	Gorilas	2	[{"changed": {"fields": ["Description", "Bar type"]}}]	8	1
21	2023-09-30 17:23:20.54241+00	1	Gorilas	2	[{"changed": {"fields": ["Description"]}}]	8	1
22	2023-09-30 17:25:00.246386+00	1	Gorilas	2	[{"changed": {"fields": ["Description"]}}]	8	1
23	2023-09-30 17:25:28.962921+00	1	Gorilas	2	[{"changed": {"fields": ["Description"]}}]	8	1
24	2023-09-30 17:25:49.000414+00	1	Gorilas	2	[{"changed": {"fields": ["Description"]}}]	8	1
25	2023-09-30 17:57:12.808859+00	2	La Doze	1	[{"added": {}}]	8	1
26	2023-09-30 18:01:49.669135+00	2	La Doze	2	[{"changed": {"fields": ["Longitude", "Latitude"]}}]	8	1
27	2023-09-30 18:08:15.68655+00	2	La Doze	2	[{"changed": {"fields": ["Tiny thumbnail", "Thumbnail", "Image1", "Image2", "Image3"]}}]	8	1
28	2023-10-08 09:18:40.568723+00	5	greek-modern	3		7	1
29	2023-10-08 09:18:40.590452+00	2	cafe-bar	3		7	1
30	2023-10-08 15:09:50.713907+00	3	Rahati Shisha Bar	1	[{"added": {}}]	8	1
31	2023-10-08 15:17:54.665931+00	3	Rahati Shisha Bar	2	[{"changed": {"fields": ["Tiny thumbnail", "Thumbnail", "Image1", "Image2"]}}]	8	1
32	2023-10-08 15:22:59.818941+00	4	Mira Lounge Bar	1	[{"added": {}}]	8	1
33	2023-10-08 15:23:40.606829+00	4	Mira Lounge Bar	2	[{"changed": {"fields": ["Tiny thumbnail", "Thumbnail", "Image1", "Image2"]}}]	8	1
34	2023-10-08 15:26:05.933622+00	5	Arcade	1	[{"added": {}}]	8	1
35	2023-10-08 15:36:09.809+00	5	Arcade	2	[{"changed": {"fields": ["Longitude", "Latitude", "Tiny thumbnail", "Thumbnail", "Image1", "Image2"]}}]	8	1
36	2023-10-08 16:30:13.3477+00	3	Rahati Shisha Bar	2	[{"changed": {"fields": ["Image2"]}}]	8	1
37	2023-10-09 14:39:42.296201+00	4	Mira Lounge Bar	2	[{"changed": {"fields": ["Image1"]}}]	8	1
38	2023-10-09 14:41:00.450485+00	4	Mira Lounge Bar	2	[{"changed": {"fields": ["Image1"]}}]	8	1
39	2023-10-09 14:47:42.968139+00	6	Shaka	1	[{"added": {}}]	8	1
40	2023-10-09 14:48:33.581954+00	6	Shaka	2	[{"changed": {"fields": ["Tiny thumbnail", "Thumbnail", "Image1", "Image2"]}}]	8	1
41	2023-10-09 14:49:08.667491+00	6	Shaka	2	[{"changed": {"fields": ["Tiny thumbnail", "Thumbnail", "Image1", "Image2"]}}]	8	1
42	2023-10-09 14:49:50.208717+00	6	Shaka	2	[{"changed": {"fields": ["Bar type"]}}]	8	1
43	2023-10-09 14:50:21.72555+00	5	Arcade	2	[{"changed": {"fields": ["Bar type"]}}]	8	1
44	2023-10-09 14:51:14.192596+00	4	Mira Lounge Bar	2	[{"changed": {"fields": ["Bar type"]}}]	8	1
45	2023-10-09 14:52:15.824248+00	7	dancy	3		7	1
46	2023-10-09 14:59:40.726864+00	8	cafe-bar	1	[{"added": {}}]	7	1
47	2023-10-09 15:00:19.646916+00	7	Saxofono	1	[{"added": {}}]	8	1
48	2023-10-09 15:00:44.039331+00	7	Saxofono	2	[{"changed": {"fields": ["Tiny thumbnail", "Thumbnail", "Image1", "Image2"]}}]	8	1
49	2023-10-09 15:08:24.64129+00	8	Shed	1	[{"added": {}}]	8	1
50	2023-10-09 15:08:39.65568+00	8	Shed	2	[{"changed": {"fields": ["Tiny thumbnail", "Thumbnail", "Image1", "Image2"]}}]	8	1
51	2023-10-09 15:09:49.346471+00	8	Shed	2	[{"changed": {"fields": ["Tiny thumbnail", "Thumbnail", "Image1", "Image2", "Image3"]}}]	8	1
52	2023-10-09 17:00:35.478374+00	3	Rahati Shisha Bar	3		8	1
53	2023-10-10 13:45:55.0948+00	9	Gatsby	1	[{"added": {}}]	8	1
86	2023-10-10 13:54:14.482107+00	9	Gatsby	2	[{"changed": {"fields": ["Description"]}}]	8	1
87	2023-10-10 13:55:19.816954+00	9	dance-full	1	[{"added": {}}]	7	1
88	2023-10-10 13:55:32.428535+00	1	Gorilas	2	[{"changed": {"fields": ["Bar type"]}}]	8	1
89	2023-10-10 13:55:42.687965+00	2	La Doze	2	[{"changed": {"fields": ["Bar type"]}}]	8	1
90	2023-10-10 13:58:02.351626+00	10	live music	1	[{"added": {}}]	7	1
91	2023-10-10 13:58:26.139591+00	10	live nights	2	[{"changed": {"fields": ["Type"]}}]	7	1
92	2023-10-10 14:07:25.863164+00	42	Rover	1	[{"added": {}}]	8	1
93	2023-11-13 10:25:22.733595+00	43	Aigli Geni Hamam	1	[{"added": {}}]	8	1
94	2023-11-13 10:34:21.117477+00	44	Rahati	1	[{"added": {}}]	8	1
95	2023-11-13 10:43:06.355365+00	45	Malt N' Jazz	1	[{"added": {}}]	8	1
96	2023-11-13 10:43:48.802483+00	45	Malt N' Jazz	2	[{"changed": {"fields": ["Tiny thumbnail", "Thumbnail", "Image1", "Image2"]}}]	8	1
97	2023-11-13 10:50:35.273086+00	46	Efimerida	1	[{"added": {}}]	8	1
98	2023-11-13 10:52:42.039288+00	43	Aigli Geni Hamam	2	[{"changed": {"fields": ["Longitude", "Latitude"]}}]	8	1
99	2023-11-13 10:59:47.981481+00	47	Mikrou Mikous	1	[{"added": {}}]	8	1
\.


--
-- Data for Name: django_content_type; Type: TABLE DATA; Schema: public; Owner: postgres
--

COPY public.django_content_type (id, app_label, model) FROM stdin;
1	admin	logentry
2	auth	permission
3	auth	group
4	auth	user
5	contenttypes	contenttype
6	sessions	session
7	bars_app	bartype
8	bars_app	bar
\.


--
-- Data for Name: django_migrations; Type: TABLE DATA; Schema: public; Owner: postgres
--

COPY public.django_migrations (id, app, name, applied) FROM stdin;
1	contenttypes	0001_initial	2023-09-28 12:38:21.113621+00
2	auth	0001_initial	2023-09-28 12:38:21.199404+00
3	admin	0001_initial	2023-09-28 12:38:21.229125+00
4	admin	0002_logentry_remove_auto_add	2023-09-28 12:38:21.2402+00
5	admin	0003_logentry_add_action_flag_choices	2023-09-28 12:38:21.250433+00
6	contenttypes	0002_remove_content_type_name	2023-09-28 12:38:21.273756+00
7	auth	0002_alter_permission_name_max_length	2023-09-28 12:38:21.284305+00
8	auth	0003_alter_user_email_max_length	2023-09-28 12:38:21.294888+00
9	auth	0004_alter_user_username_opts	2023-09-28 12:38:21.304563+00
10	auth	0005_alter_user_last_login_null	2023-09-28 12:38:21.315166+00
11	auth	0006_require_contenttypes_0002	2023-09-28 12:38:21.318918+00
12	auth	0007_alter_validators_add_error_messages	2023-09-28 12:38:21.328848+00
13	auth	0008_alter_user_username_max_length	2023-09-28 12:38:21.3432+00
14	auth	0009_alter_user_last_name_max_length	2023-09-28 12:38:21.353673+00
15	auth	0010_alter_group_name_max_length	2023-09-28 12:38:21.36684+00
16	auth	0011_update_proxy_permissions	2023-09-28 12:38:21.376668+00
17	auth	0012_alter_user_first_name_max_length	2023-09-28 12:38:21.386831+00
18	bars_app	0001_initial	2023-09-28 12:38:21.426254+00
19	sessions	0001_initial	2023-09-28 12:38:21.441835+00
20	bars_app	0002_alter_bar_description	2023-09-30 17:13:00.424341+00
\.


--
-- Data for Name: django_session; Type: TABLE DATA; Schema: public; Owner: postgres
--

COPY public.django_session (session_key, session_data, expire_date) FROM stdin;
aa8xt9jee565wjtoww8em71y1q67sxd7	.eJxVjEEOwiAQRe_C2hBmWiC4dO8ZyAxMpWogKe3KeHdt0oVu_3vvv1SkbS1x67LEOauzAnX63ZjSQ-oO8p3qrenU6rrMrHdFH7Tra8vyvBzu30GhXr61cQ5x9CjJiGeL3g42eEPgHJMLYAVxQmZDxCQCMkxMOSMEY4cRRL0_w2U3rQ:1qpQk3:WRILY_sRd0wYE7pg3NKyou6RGjGa1whrUYZ1_mFtFJ8	2023-10-22 10:10:31.622882+00
qdk6kjfi0ruvliotso4cum5eptdj18v0	.eJxVjEEOwiAQRe_C2hBmWiC4dO8ZyAxMpWogKe3KeHdt0oVu_3vvv1SkbS1x67LEOauzAnX63ZjSQ-oO8p3qrenU6rrMrHdFH7Tra8vyvBzu30GhXr61cQ5x9CjJiGeL3g42eEPgHJMLYAVxQmZDxCQCMkxMOSMEY4cRRL0_w2U3rQ:1qqCvC:hzToL8Akc19LEGxLxN75zcSWLmBmqTNFZ7H8l70b-mc	2023-10-24 13:37:14.116938+00
p24vbfzvs3wrxf64vc49kls6cowucv40	.eJxVjEEOwiAQRe_C2hBmWiC4dO8ZyAxMpWogKe3KeHdt0oVu_3vvv1SkbS1x67LEOauzAnX63ZjSQ-oO8p3qrenU6rrMrHdFH7Tra8vyvBzu30GhXr61cQ5x9CjJiGeL3g42eEPgHJMLYAVxQmZDxCQCMkxMOSMEY4cRRL0_w2U3rQ:1r2T88:y4l_8Hkz3GnbzZ6-9EPvxb90J7NFwziffJclTMGm2go	2023-11-27 09:21:16.688768+00
6adtt07q6tl4dr0tgnmxs8hqtm79ilpk	.eJxVjEEOwiAQRe_C2hBmWiC4dO8ZyAxMpWogKe3KeHdt0oVu_3vvv1SkbS1x67LEOauzAnX63ZjSQ-oO8p3qrenU6rrMrHdFH7Tra8vyvBzu30GhXr61cQ5x9CjJiGeL3g42eEPgHJMLYAVxQmZDxCQCMkxMOSMEY4cRRL0_w2U3rQ:1r2TQb:DkxQhIF33tWHqIOAhI3HqUlkoTxrWt1RbzifEVkUi90	2023-11-27 09:40:21.495803+00
\.


--
-- Name: auth_group_id_seq; Type: SEQUENCE SET; Schema: public; Owner: postgres
--

SELECT pg_catalog.setval('public.auth_group_id_seq', 1, false);


--
-- Name: auth_group_permissions_id_seq; Type: SEQUENCE SET; Schema: public; Owner: postgres
--

SELECT pg_catalog.setval('public.auth_group_permissions_id_seq', 1, false);


--
-- Name: auth_permission_id_seq; Type: SEQUENCE SET; Schema: public; Owner: postgres
--

SELECT pg_catalog.setval('public.auth_permission_id_seq', 32, true);


--
-- Name: auth_user_groups_id_seq; Type: SEQUENCE SET; Schema: public; Owner: postgres
--

SELECT pg_catalog.setval('public.auth_user_groups_id_seq', 1, false);


--
-- Name: auth_user_id_seq; Type: SEQUENCE SET; Schema: public; Owner: postgres
--

SELECT pg_catalog.setval('public.auth_user_id_seq', 1, true);


--
-- Name: auth_user_user_permissions_id_seq; Type: SEQUENCE SET; Schema: public; Owner: postgres
--

SELECT pg_catalog.setval('public.auth_user_user_permissions_id_seq', 1, false);


--
-- Name: bars_app_bar_bar_type_id_seq; Type: SEQUENCE SET; Schema: public; Owner: postgres
--

SELECT pg_catalog.setval('public.bars_app_bar_bar_type_id_seq', 66, true);


--
-- Name: bars_app_bar_id_seq; Type: SEQUENCE SET; Schema: public; Owner: postgres
--

SELECT pg_catalog.setval('public.bars_app_bar_id_seq', 47, true);


--
-- Name: bars_app_bartype_id_seq; Type: SEQUENCE SET; Schema: public; Owner: postgres
--

SELECT pg_catalog.setval('public.bars_app_bartype_id_seq', 10, true);


--
-- Name: django_admin_log_id_seq; Type: SEQUENCE SET; Schema: public; Owner: postgres
--

SELECT pg_catalog.setval('public.django_admin_log_id_seq', 99, true);


--
-- Name: django_content_type_id_seq; Type: SEQUENCE SET; Schema: public; Owner: postgres
--

SELECT pg_catalog.setval('public.django_content_type_id_seq', 8, true);


--
-- Name: django_migrations_id_seq; Type: SEQUENCE SET; Schema: public; Owner: postgres
--

SELECT pg_catalog.setval('public.django_migrations_id_seq', 20, true);


--
-- Name: auth_group auth_group_name_key; Type: CONSTRAINT; Schema: public; Owner: postgres
--

ALTER TABLE ONLY public.auth_group
    ADD CONSTRAINT auth_group_name_key UNIQUE (name);


--
-- Name: auth_group_permissions auth_group_permissions_group_id_permission_id_0cd325b0_uniq; Type: CONSTRAINT; Schema: public; Owner: postgres
--

ALTER TABLE ONLY public.auth_group_permissions
    ADD CONSTRAINT auth_group_permissions_group_id_permission_id_0cd325b0_uniq UNIQUE (group_id, permission_id);


--
-- Name: auth_group_permissions auth_group_permissions_pkey; Type: CONSTRAINT; Schema: public; Owner: postgres
--

ALTER TABLE ONLY public.auth_group_permissions
    ADD CONSTRAINT auth_group_permissions_pkey PRIMARY KEY (id);


--
-- Name: auth_group auth_group_pkey; Type: CONSTRAINT; Schema: public; Owner: postgres
--

ALTER TABLE ONLY public.auth_group
    ADD CONSTRAINT auth_group_pkey PRIMARY KEY (id);


--
-- Name: auth_permission auth_permission_content_type_id_codename_01ab375a_uniq; Type: CONSTRAINT; Schema: public; Owner: postgres
--

ALTER TABLE ONLY public.auth_permission
    ADD CONSTRAINT auth_permission_content_type_id_codename_01ab375a_uniq UNIQUE (content_type_id, codename);


--
-- Name: auth_permission auth_permission_pkey; Type: CONSTRAINT; Schema: public; Owner: postgres
--

ALTER TABLE ONLY public.auth_permission
    ADD CONSTRAINT auth_permission_pkey PRIMARY KEY (id);


--
-- Name: auth_user_groups auth_user_groups_pkey; Type: CONSTRAINT; Schema: public; Owner: postgres
--

ALTER TABLE ONLY public.auth_user_groups
    ADD CONSTRAINT auth_user_groups_pkey PRIMARY KEY (id);


--
-- Name: auth_user_groups auth_user_groups_user_id_group_id_94350c0c_uniq; Type: CONSTRAINT; Schema: public; Owner: postgres
--

ALTER TABLE ONLY public.auth_user_groups
    ADD CONSTRAINT auth_user_groups_user_id_group_id_94350c0c_uniq UNIQUE (user_id, group_id);


--
-- Name: auth_user auth_user_pkey; Type: CONSTRAINT; Schema: public; Owner: postgres
--

ALTER TABLE ONLY public.auth_user
    ADD CONSTRAINT auth_user_pkey PRIMARY KEY (id);


--
-- Name: auth_user_user_permissions auth_user_user_permissions_pkey; Type: CONSTRAINT; Schema: public; Owner: postgres
--

ALTER TABLE ONLY public.auth_user_user_permissions
    ADD CONSTRAINT auth_user_user_permissions_pkey PRIMARY KEY (id);


--
-- Name: auth_user_user_permissions auth_user_user_permissions_user_id_permission_id_14a6b632_uniq; Type: CONSTRAINT; Schema: public; Owner: postgres
--

ALTER TABLE ONLY public.auth_user_user_permissions
    ADD CONSTRAINT auth_user_user_permissions_user_id_permission_id_14a6b632_uniq UNIQUE (user_id, permission_id);


--
-- Name: auth_user auth_user_username_key; Type: CONSTRAINT; Schema: public; Owner: postgres
--

ALTER TABLE ONLY public.auth_user
    ADD CONSTRAINT auth_user_username_key UNIQUE (username);


--
-- Name: bars_app_bar_bar_type bars_app_bar_bar_type_bar_id_bartype_id_3fa3f37f_uniq; Type: CONSTRAINT; Schema: public; Owner: postgres
--

ALTER TABLE ONLY public.bars_app_bar_bar_type
    ADD CONSTRAINT bars_app_bar_bar_type_bar_id_bartype_id_3fa3f37f_uniq UNIQUE (bar_id, bartype_id);


--
-- Name: bars_app_bar_bar_type bars_app_bar_bar_type_pkey; Type: CONSTRAINT; Schema: public; Owner: postgres
--

ALTER TABLE ONLY public.bars_app_bar_bar_type
    ADD CONSTRAINT bars_app_bar_bar_type_pkey PRIMARY KEY (id);


--
-- Name: bars_app_bar bars_app_bar_pkey; Type: CONSTRAINT; Schema: public; Owner: postgres
--

ALTER TABLE ONLY public.bars_app_bar
    ADD CONSTRAINT bars_app_bar_pkey PRIMARY KEY (id);


--
-- Name: bars_app_bartype bars_app_bartype_pkey; Type: CONSTRAINT; Schema: public; Owner: postgres
--

ALTER TABLE ONLY public.bars_app_bartype
    ADD CONSTRAINT bars_app_bartype_pkey PRIMARY KEY (id);


--
-- Name: bars_app_bartype bars_app_bartype_type_key; Type: CONSTRAINT; Schema: public; Owner: postgres
--

ALTER TABLE ONLY public.bars_app_bartype
    ADD CONSTRAINT bars_app_bartype_type_key UNIQUE (type);


--
-- Name: django_admin_log django_admin_log_pkey; Type: CONSTRAINT; Schema: public; Owner: postgres
--

ALTER TABLE ONLY public.django_admin_log
    ADD CONSTRAINT django_admin_log_pkey PRIMARY KEY (id);


--
-- Name: django_content_type django_content_type_app_label_model_76bd3d3b_uniq; Type: CONSTRAINT; Schema: public; Owner: postgres
--

ALTER TABLE ONLY public.django_content_type
    ADD CONSTRAINT django_content_type_app_label_model_76bd3d3b_uniq UNIQUE (app_label, model);


--
-- Name: django_content_type django_content_type_pkey; Type: CONSTRAINT; Schema: public; Owner: postgres
--

ALTER TABLE ONLY public.django_content_type
    ADD CONSTRAINT django_content_type_pkey PRIMARY KEY (id);


--
-- Name: django_migrations django_migrations_pkey; Type: CONSTRAINT; Schema: public; Owner: postgres
--

ALTER TABLE ONLY public.django_migrations
    ADD CONSTRAINT django_migrations_pkey PRIMARY KEY (id);


--
-- Name: django_session django_session_pkey; Type: CONSTRAINT; Schema: public; Owner: postgres
--

ALTER TABLE ONLY public.django_session
    ADD CONSTRAINT django_session_pkey PRIMARY KEY (session_key);


--
-- Name: auth_group_name_a6ea08ec_like; Type: INDEX; Schema: public; Owner: postgres
--

CREATE INDEX auth_group_name_a6ea08ec_like ON public.auth_group USING btree (name varchar_pattern_ops);


--
-- Name: auth_group_permissions_group_id_b120cbf9; Type: INDEX; Schema: public; Owner: postgres
--

CREATE INDEX auth_group_permissions_group_id_b120cbf9 ON public.auth_group_permissions USING btree (group_id);


--
-- Name: auth_group_permissions_permission_id_84c5c92e; Type: INDEX; Schema: public; Owner: postgres
--

CREATE INDEX auth_group_permissions_permission_id_84c5c92e ON public.auth_group_permissions USING btree (permission_id);


--
-- Name: auth_permission_content_type_id_2f476e4b; Type: INDEX; Schema: public; Owner: postgres
--

CREATE INDEX auth_permission_content_type_id_2f476e4b ON public.auth_permission USING btree (content_type_id);


--
-- Name: auth_user_groups_group_id_97559544; Type: INDEX; Schema: public; Owner: postgres
--

CREATE INDEX auth_user_groups_group_id_97559544 ON public.auth_user_groups USING btree (group_id);


--
-- Name: auth_user_groups_user_id_6a12ed8b; Type: INDEX; Schema: public; Owner: postgres
--

CREATE INDEX auth_user_groups_user_id_6a12ed8b ON public.auth_user_groups USING btree (user_id);


--
-- Name: auth_user_user_permissions_permission_id_1fbb5f2c; Type: INDEX; Schema: public; Owner: postgres
--

CREATE INDEX auth_user_user_permissions_permission_id_1fbb5f2c ON public.auth_user_user_permissions USING btree (permission_id);


--
-- Name: auth_user_user_permissions_user_id_a95ead1b; Type: INDEX; Schema: public; Owner: postgres
--

CREATE INDEX auth_user_user_permissions_user_id_a95ead1b ON public.auth_user_user_permissions USING btree (user_id);


--
-- Name: auth_user_username_6821ab7c_like; Type: INDEX; Schema: public; Owner: postgres
--

CREATE INDEX auth_user_username_6821ab7c_like ON public.auth_user USING btree (username varchar_pattern_ops);


--
-- Name: bars_app_bar_bar_type_bar_id_4e1ac8c3; Type: INDEX; Schema: public; Owner: postgres
--

CREATE INDEX bars_app_bar_bar_type_bar_id_4e1ac8c3 ON public.bars_app_bar_bar_type USING btree (bar_id);


--
-- Name: bars_app_bar_bar_type_bartype_id_ec2a9e8f; Type: INDEX; Schema: public; Owner: postgres
--

CREATE INDEX bars_app_bar_bar_type_bartype_id_ec2a9e8f ON public.bars_app_bar_bar_type USING btree (bartype_id);


--
-- Name: bars_app_bartype_type_56550475_like; Type: INDEX; Schema: public; Owner: postgres
--

CREATE INDEX bars_app_bartype_type_56550475_like ON public.bars_app_bartype USING btree (type varchar_pattern_ops);


--
-- Name: django_admin_log_content_type_id_c4bce8eb; Type: INDEX; Schema: public; Owner: postgres
--

CREATE INDEX django_admin_log_content_type_id_c4bce8eb ON public.django_admin_log USING btree (content_type_id);


--
-- Name: django_admin_log_user_id_c564eba6; Type: INDEX; Schema: public; Owner: postgres
--

CREATE INDEX django_admin_log_user_id_c564eba6 ON public.django_admin_log USING btree (user_id);


--
-- Name: django_session_expire_date_a5c62663; Type: INDEX; Schema: public; Owner: postgres
--

CREATE INDEX django_session_expire_date_a5c62663 ON public.django_session USING btree (expire_date);


--
-- Name: django_session_session_key_c0390e0f_like; Type: INDEX; Schema: public; Owner: postgres
--

CREATE INDEX django_session_session_key_c0390e0f_like ON public.django_session USING btree (session_key varchar_pattern_ops);


--
-- Name: auth_group_permissions auth_group_permissio_permission_id_84c5c92e_fk_auth_perm; Type: FK CONSTRAINT; Schema: public; Owner: postgres
--

ALTER TABLE ONLY public.auth_group_permissions
    ADD CONSTRAINT auth_group_permissio_permission_id_84c5c92e_fk_auth_perm FOREIGN KEY (permission_id) REFERENCES public.auth_permission(id) DEFERRABLE INITIALLY DEFERRED;


--
-- Name: auth_group_permissions auth_group_permissions_group_id_b120cbf9_fk_auth_group_id; Type: FK CONSTRAINT; Schema: public; Owner: postgres
--

ALTER TABLE ONLY public.auth_group_permissions
    ADD CONSTRAINT auth_group_permissions_group_id_b120cbf9_fk_auth_group_id FOREIGN KEY (group_id) REFERENCES public.auth_group(id) DEFERRABLE INITIALLY DEFERRED;


--
-- Name: auth_permission auth_permission_content_type_id_2f476e4b_fk_django_co; Type: FK CONSTRAINT; Schema: public; Owner: postgres
--

ALTER TABLE ONLY public.auth_permission
    ADD CONSTRAINT auth_permission_content_type_id_2f476e4b_fk_django_co FOREIGN KEY (content_type_id) REFERENCES public.django_content_type(id) DEFERRABLE INITIALLY DEFERRED;


--
-- Name: auth_user_groups auth_user_groups_group_id_97559544_fk_auth_group_id; Type: FK CONSTRAINT; Schema: public; Owner: postgres
--

ALTER TABLE ONLY public.auth_user_groups
    ADD CONSTRAINT auth_user_groups_group_id_97559544_fk_auth_group_id FOREIGN KEY (group_id) REFERENCES public.auth_group(id) DEFERRABLE INITIALLY DEFERRED;


--
-- Name: auth_user_groups auth_user_groups_user_id_6a12ed8b_fk_auth_user_id; Type: FK CONSTRAINT; Schema: public; Owner: postgres
--

ALTER TABLE ONLY public.auth_user_groups
    ADD CONSTRAINT auth_user_groups_user_id_6a12ed8b_fk_auth_user_id FOREIGN KEY (user_id) REFERENCES public.auth_user(id) DEFERRABLE INITIALLY DEFERRED;


--
-- Name: auth_user_user_permissions auth_user_user_permi_permission_id_1fbb5f2c_fk_auth_perm; Type: FK CONSTRAINT; Schema: public; Owner: postgres
--

ALTER TABLE ONLY public.auth_user_user_permissions
    ADD CONSTRAINT auth_user_user_permi_permission_id_1fbb5f2c_fk_auth_perm FOREIGN KEY (permission_id) REFERENCES public.auth_permission(id) DEFERRABLE INITIALLY DEFERRED;


--
-- Name: auth_user_user_permissions auth_user_user_permissions_user_id_a95ead1b_fk_auth_user_id; Type: FK CONSTRAINT; Schema: public; Owner: postgres
--

ALTER TABLE ONLY public.auth_user_user_permissions
    ADD CONSTRAINT auth_user_user_permissions_user_id_a95ead1b_fk_auth_user_id FOREIGN KEY (user_id) REFERENCES public.auth_user(id) DEFERRABLE INITIALLY DEFERRED;


--
-- Name: bars_app_bar_bar_type bars_app_bar_bar_typ_bartype_id_ec2a9e8f_fk_bars_app_; Type: FK CONSTRAINT; Schema: public; Owner: postgres
--

ALTER TABLE ONLY public.bars_app_bar_bar_type
    ADD CONSTRAINT bars_app_bar_bar_typ_bartype_id_ec2a9e8f_fk_bars_app_ FOREIGN KEY (bartype_id) REFERENCES public.bars_app_bartype(id) DEFERRABLE INITIALLY DEFERRED;


--
-- Name: bars_app_bar_bar_type bars_app_bar_bar_type_bar_id_4e1ac8c3_fk_bars_app_bar_id; Type: FK CONSTRAINT; Schema: public; Owner: postgres
--

ALTER TABLE ONLY public.bars_app_bar_bar_type
    ADD CONSTRAINT bars_app_bar_bar_type_bar_id_4e1ac8c3_fk_bars_app_bar_id FOREIGN KEY (bar_id) REFERENCES public.bars_app_bar(id) DEFERRABLE INITIALLY DEFERRED;


--
-- Name: django_admin_log django_admin_log_content_type_id_c4bce8eb_fk_django_co; Type: FK CONSTRAINT; Schema: public; Owner: postgres
--

ALTER TABLE ONLY public.django_admin_log
    ADD CONSTRAINT django_admin_log_content_type_id_c4bce8eb_fk_django_co FOREIGN KEY (content_type_id) REFERENCES public.django_content_type(id) DEFERRABLE INITIALLY DEFERRED;


--
-- Name: django_admin_log django_admin_log_user_id_c564eba6_fk_auth_user_id; Type: FK CONSTRAINT; Schema: public; Owner: postgres
--

ALTER TABLE ONLY public.django_admin_log
    ADD CONSTRAINT django_admin_log_user_id_c564eba6_fk_auth_user_id FOREIGN KEY (user_id) REFERENCES public.auth_user(id) DEFERRABLE INITIALLY DEFERRED;


--
-- PostgreSQL database dump complete
--

